step,accA,accB,accTot,aucA,aucB,aucTot,CE
1,0.7909508293838863,0.6664341517857143,0.7268318965517241,0.8646434589591889,0.7384593739993502,0.8079753247303834,0.6229525171220303
2,0.7878720238095238,0.6683333333333333,0.7260416666666667,0.8635541806404878,0.7375538700030995,0.8053896249176968,0.6221565417945385
3,0.7818313953488372,0.6596590909090909,0.7200431034482758,0.8545406598851474,0.7297899676636574,0.7982792207116779,0.6164481043815613
4,0.7843896028037384,0.6557550904977375,0.7190373563218391,0.8574344753150743,0.7223301945772721,0.7964206165475608,0.6150580793619156
5,0.7881307339449541,0.6615538990825688,0.7248423165137615,0.8622238286345772,0.7276579063229671,0.8022694644762847,0.6173508614301682
6,0.7959474885844748,0.6554542824074074,0.7261853448275862,0.8716182030031162,0.7224908983028793,0.8060449036376731,0.6173296794295311
7,0.8014090401785714,0.6518809241706162,0.7288793103448276,0.8793331664404265,0.7224168105481401,0.8119509089500678,0.6216337829828262
