step,accA,accB,accTot,aucA,aucB,aucTot,CE
1,0.7885950854700855,0.6706312189054726,0.7340876436781609,0.8544992409779573,0.7333091878572509,0.8079079501686967,0.6074561327695847
2,0.7801846590909091,0.6702761627906977,0.7258620689655172,0.8589537325530534,0.7390610915012065,0.8068372603368545,0.6090731620788574
3,0.7749399038461539,0.6553551762114538,0.7125359195402299,0.8593486007161094,0.7354111042364188,0.8011265574163764,0.6049173176288605
4,0.7818921232876712,0.6624710648148148,0.7225933908045977,0.8564156518684873,0.7271529513284674,0.7995271972190843,0.6033085323870182
5,0.7814630681818182,0.6584924768518519,0.7205418577981652,0.8626768367026562,0.7310457752475522,0.8043556082583793,0.6063894107937813
6,0.792018581081081,0.656543427230047,0.7256824712643678,0.8691475464826337,0.722714372789228,0.8056813356217396,0.6152135208249092
7,0.7970824115044248,0.644363038277512,0.7237068965517242,0.875955161723603,0.7188284239928736,0.8091907866012628,0.6079761534929276
